{
    "model_name": "CatBoost",
    "model_path": "models/automl/best_model_CatBoost_20250807_144213.pkl",
    "scaler_path": "models/automl/scaler_20250807_144213.pkl",
    "features_path": "models/automl/features_20250807_144213.pkl",
    "metrics": {
        "model_name": "CatBoost",
        "train_mse": 0.0442352041649211,
        "test_mse": 0.20269423302247602,
        "train_rmse": 0.2103216683200309,
        "test_rmse": 0.4502157627432385,
        "train_mae": 0.04973004932260207,
        "test_mae": 0.0671054134672556,
        "train_r2": 0.9999633776794297,
        "test_r2": 0.9998302543345483,
        "train_mape": 53018478357111.35,
        "test_mape": 78427183597591.72,
        "overfitting_score": 0.00013312334488135846
    },
    "timestamp": "20250807_144213",
    "n_features": 260
}