{
    "model_name": "CatBoost",
    "model_path": "models/automl/best_model_CatBoost_20250819_045025.pkl",
    "scaler_path": "models/automl/scaler_20250819_045025.pkl",
    "features_path": "models/automl/features_20250819_045025.pkl",
    "metrics": {
        "model_name": "CatBoost",
        "train_mse": 0.006228340678720899,
        "test_mse": 0.07317615374484464,
        "train_rmse": 0.07891983704190537,
        "test_rmse": 0.27051091243209513,
        "train_mae": 0.023510750749146093,
        "test_mae": 0.02854473093207117,
        "train_r2": 0.9999581194985124,
        "test_r2": 0.9995203976761899,
        "train_mape": 5218451488204.241,
        "test_mape": 27879909377770.344,
        "overfitting_score": 0.0004377218223224899
    },
    "timestamp": "20250819_045025",
    "n_features": 206
}