{
    "model_name": "GradientBoosting",
    "model_path": "models/automl/best_model_GradientBoosting_20250819_050521.pkl",
    "scaler_path": "models/automl/scaler_20250819_050521.pkl",
    "features_path": "models/automl/features_20250819_050521.pkl",
    "metrics": {
        "model_name": "GradientBoosting",
        "train_mse": 99.26604343819298,
        "test_mse": 110.3425958058823,
        "train_rmse": 9.963234587130476,
        "test_rmse": 10.504408398662074,
        "train_mae": 7.871657430216941,
        "test_mae": 8.330784008219076,
        "train_r2": 0.5239349523134618,
        "test_r2": 0.4852723694900064,
        "train_mape": 12.283566387093323,
        "test_mape": 13.050852207516018,
        "overfitting_score": 0.03866258282345536
    },
    "timestamp": "20250819_050521",
    "n_features": 135
}