{
    "model_name": "GradientBoosting",
    "model_path": "models/automl/best_model_GradientBoosting_20250819_050312.pkl",
    "scaler_path": "models/automl/scaler_20250819_050312.pkl",
    "features_path": "models/automl/features_20250819_050312.pkl",
    "metrics": {
        "model_name": "GradientBoosting",
        "train_mse": 10.38564909585127,
        "test_mse": 13.224200974329504,
        "train_rmse": 3.2226773179844224,
        "test_rmse": 3.636509449228684,
        "train_mae": 1.995048704122994,
        "test_mae": 2.1081898648788053,
        "train_r2": 0.9290441006454646,
        "test_r2": 0.9118036503714605,
        "train_mape": 3.8344280946434752,
        "test_mape": 6.710656777193933,
        "overfitting_score": 0.017240450274004115
    },
    "timestamp": "20250819_050312",
    "n_features": 140
}